<?xml version="1.0" encoding="UTF-8" ?>
<!DOCTYPE mapper
        PUBLIC "-//mybatis.org//DTD Mapper 3.0//EN"
        "http://mybatis.org/dtd/mybatis-3-mapper.dtd">
<mapper namespace="com.rm.plat.mapper.BookMapper">
    <select id="queryBookByName" resultType="Book" parameterType="String">
        select * from mybatis.book where bookname = #{name}
    </select>

    <select id="queryBookList" resultType="Book">
        select * from book
    </select>

    <select id="queryBookById" resultType="Book" parameterType="int">
        select * from book where bookid = #{bookid}
    </select>

    <insert id="addBook" parameterType="Book">
        insert into book(bookid,bookname,bookintro,totalscore,author,bookimgpath,publisher,ISBN) values(#{bookid},#{bookname},#{bookintro},#{totalscore},#{author},#{bookimgpath},#{publisher},#{ISBN})
    </insert>

    <update id="updateBook" parameterType="Book">
        update book set bookname=#{bookname},bookintro=#{bookintro},totalscore=#{totalscore},author=#{author},bookimgpath=#{bookimgpath},publisher=#{publisher},ISBN=#{ISBN} where bookid=#{bookid}
    </update>

    <delete id="deleteBook" parameterType="int">
        delete from book where bookid=#{bookid}
    </delete>

    <select id="cnt" resultType="int">
        select count(*) from book
    </select>
</mapper>