<?xml version="1.0" encoding="UTF-8" ?>
<!DOCTYPE mapper
        PUBLIC "-//mybatis.org//DTD Mapper 3.0//EN"
        "http://mybatis.org/dtd/mybatis-3-mapper.dtd">
<mapper namespace="com.rm.plat.mapper.GroupPostMapper">
    <select id="queryGroupPostById" resultType="GroupPost" parameterType="int">
        select * from grouppost where grouppostid = #{grouppostid}
    </select>

    <select id="queryGroupPostListByGroup" resultType="GroupPost" parameterType="int">
        select * from grouppost where groupid = #{groupid}
    </select>

    <select id="queryGroupPostListByUser" resultType="GroupPost" parameterType="int">
        select * from grouppost where userid = #{userid}
    </select>

    <insert id="addGroupPost" parameterType="GroupPost">
        insert into grouppost(grouppostid,groupid,userid,title,content,addtime,top,essence) values(#{grouppostid},#{groupid},#{userid},#{title},#{content},#{addtime},#{top},#{essence})
    </insert>

    <update id="updateGroupPost" parameterType="GroupPost">
        update grouppost set groupid=#{groupid},userid=#{userid},title=#{title},content=#{content},addtime=#{addtime},top=#{top},essence=#{essence} where grouppostid=#{grouppostid}
    </update>

    <delete id="deleteGroupPost" parameterType="int">
        delete from grouppost where grouppostid=#{grouppostid}
    </delete>

    <select id="cnt" resultType="int">
        select count(*) from grouppost
    </select>
</mapper>