<?xml version="1.0" encoding="UTF-8" ?>
<!DOCTYPE mapper
        PUBLIC "-//mybatis.org//DTD Mapper 3.0//EN"
        "http://mybatis.org/dtd/mybatis-3-mapper.dtd">
<mapper namespace="com.rm.plat.mapper.GroupMapper">
    <select id="queryGroupById" resultType="Group" parameterType="int">
        select * from mybatis.group where groupid=#{groupid}
    </select>

    <select id="queryGroupByName" resultType="Group" parameterType="String">
        select * from mybatis.group where groupname = #{groupname}
    </select>

    <select id="queryGroupList" resultType="Group">
        select * from mybatis.group
    </select>

    <insert id="addGroup" parameterType="Group">
        insert into mybatis.group(groupid,groupname,leaderid,category,intro) values(#{groupid},#{groupname},#{leaderid},#{category},#{intro})
    </insert>

    <update id="updateGroup" parameterType="Group">
        update mybatis.group set groupname=#{groupname},leaderid=#{leaderid},category=#{category},intro=#{intro} where groupid=#{groupid}
    </update>

    <delete id="deleteGroup" parameterType="int">
        delete from mybatis.group where groupid=#{groupid}
    </delete>

    <select id="cnt" resultType="int">
        select count(*) from mybatis.group
    </select>
</mapper>