<?xml version="1.0" encoding="UTF-8" ?>
<!DOCTYPE mapper
        PUBLIC "-//mybatis.org//DTD Mapper 3.0//EN"
        "http://mybatis.org/dtd/mybatis-3-mapper.dtd">
<mapper namespace="com.rm.plat.mapper.TopicMapper">
    <select id="queryTopicById" resultType="Topic" parameterType="int">
        select * from topic where topicid=#{topicid}
    </select>

    <select id="queryTopicByTitle" resultType="Topic" parameterType="String">
        select * from topic where title=#{title}
    </select>

    <select id="queryTopicByClassify" resultType="Topic" parameterType="String">
        select * from topic where classify = #{classify}
    </select>

    <select id="queryTopicByUser" resultType="Topic" parameterType="int">
        select * from topic where userid=#{userid}
    </select>

    <select id="queryTopicList" resultType="Topic">
        select * from topic
    </select>


    <insert id="addTopic" parameterType="Topic">
        insert into topic(topicid,userid,title,intro,classify) values (#{topicid},#{userid},#{title},#{intro},#{classify})
    </insert>

    <update id="updateTopic" parameterType="Topic">
        update topic set userid=#{userid},title=#{title},intro=#{intro},classify=#{classify} where topicid=#{topicid}
    </update>

    <delete id="deleteTopic" parameterType="int">
        delete from topic where topicid=#{topicid}
    </delete>

    <select id="cnt" resultType="int">
        select count(*) from topic
    </select>
</mapper>