<?xml version="1.0" encoding="UTF-8" ?>
<!DOCTYPE mapper
        PUBLIC "-//mybatis.org//DTD Mapper 3.0//EN"
        "http://mybatis.org/dtd/mybatis-3-mapper.dtd">
<mapper namespace="com.rm.plat.mapper.TopicCommentMapper">
    <select id="queryTopicCommentById" resultType="TopicComment" parameterType="int">
        select * from topiccomment where commentid=#{commentid}
    </select>

    <select id="queryTopicCommentByTopic" resultType="TopicComment" parameterType="int">
        select * from topiccomment where topicid=#{topicid}
    </select>

    <select id="queryTopicCommentByUser" resultType="TopicComment" parameterType="int">
        select * from topiccomment where userid = #{userid}
    </select>


    <insert id="addTopicComment" parameterType="TopicComment">
        insert into topiccomment(commentid,topicid,userid,content,addtime,likenum) values (#{commentid},#{topicid},#{userid},#{content},#{addtime},#{likenum})
    </insert>

    <update id="updateTopicComment" parameterType="TopicComment">
        update topiccomment set topicid={topicid},userid=#{userid},content=#{content},addtime=#{addtime},likenum=#{likenum} where commentid=#{commentid}
    </update>

    <delete id="deleteTopicComment" parameterType="int">
        delete from topiccomment where commentid=#{commentid}
    </delete>

    <select id="cnt" resultType="int">
        select count(*) from topiccomment
    </select>

    <select id="cntByTopic" resultType="int" parameterType="int">
        select count(*) from topiccomment where topicid=#{topicid}
    </select>
</mapper>