<?xml version="1.0" encoding="UTF-8" ?>
<!DOCTYPE mapper
        PUBLIC "-//mybatis.org//DTD Mapper 3.0//EN"
        "http://mybatis.org/dtd/mybatis-3-mapper.dtd">
<mapper namespace="com.rm.plat.mapper.VideoReviewMapper">
    <select id="queryVideoReviewById" resultType="VideoReview" parameterType="int">
        select * from mybatis.videoreview where videoreviewid = #{videoreviewid}
    </select>

    <select id="queryVideoReviewListByVideoId" resultType="VideoReview" parameterType="int">
        select * from videoreview where videoid = #{videoid}
    </select>

    <select id="queryVideoReviewListByUserId" resultType="VideoReview" parameterType="int">
        select * from videoreview where userid = #{userid}
    </select>

    <insert id="addVideoReview" parameterType="VideoReview">
        insert into videoreview(videoreviewid,userid,videoid,title,likenum,againstnum,content,addtime) values(#{videoreviewid},#{userid},#{videoid},#{title},#{likenum},#{againstnum},#{content},#{addtime})
    </insert>

    <update id="updateVideoReview" parameterType="VideoReview">
        update videoreview set userid=#{userid},videoid=#{videoid},title=#{title},likenum=#{likenum},againstnum=#{againstnum},content=#{content},addtime=#{addtime} where videoreviewid=#{videoreviewid}
    </update>

    <delete id="deleteVideoReview" parameterType="int">
        delete from videoreview where videoreviewid=#{videoreviewid}
    </delete>

    <select id="cnt" resultType="int">
        select count(*) from videoreview
    </select>
</mapper>