<?xml version="1.0" encoding="UTF-8" ?>
<!DOCTYPE mapper
        PUBLIC "-//mybatis.org//DTD Mapper 3.0//EN"
        "http://mybatis.org/dtd/mybatis-3-mapper.dtd">
<mapper namespace="com.rm.plat.mapper.VideoMapper">
    <select id="queryVideoByName" resultType="Video" parameterType="String">
        select * from mybatis.video where videoname = #{name}
    </select>

    <select id="queryVideoList" resultType="Video">
        select * from video
    </select>

    <select id="queryVideoById" resultType="Video" parameterType="int">
        select * from video where videoid = #{videoid}
    </select>

    <insert id="addVideo" parameterType="Video">
        insert into video(videoid,videoname,videointro,totalscore,director,videoimgpath,country) values(#{videoid},#{videoname},#{videointro},#{totalscore},#{director},#{videoimgpath},#{country})
    </insert>

    <update id="updateVideo" parameterType="Video">
        update video set videoname=#{videoname},videointro=#{videointro},totalscore=#{totalscore},director=#{director},videoimgpath=#{videoimgpath},country=#{country} where videoid=#{videoid}
    </update>

    <delete id="deleteVideo" parameterType="int">
        delete from video where videoid=#{videoid}
    </delete>

    <select id="cnt" resultType="int">
        select count(*) from video
    </select>
</mapper>