<?xml version="1.0" encoding="UTF-8" ?>
<!DOCTYPE mapper
        PUBLIC "-//mybatis.org//DTD Mapper 3.0//EN"
        "http://mybatis.org/dtd/mybatis-3-mapper.dtd">
<mapper namespace="com.rm.plat.mapper.BookMapper">
    <select id="queryBookByName" resultType="Book" parameterType="String">
        select * from mybatis.book where bookname like "%"#{name}"%"
    </select>

    <select id="queryHotBookList" resultType="Book">
        select B.bookid,B.bookname,B.bookintro,B.totalscore,B.author,B.bookimgpath,B.publisher,B.ISBN from(
                select book.*,count(*) as cnt from bookreview,book where book.bookid=bookreview.bookid group by book.bookid order by cnt desc limit 8) as B
    </select>

    <select id="queryNewBookList" resultType="Book">
        select * from book order by bookid desc limit 8
    </select>

    <select id="queryRecommendBookList" resultType="Book">
        select * from book order by totalscore desc limit 8
    </select>

    <select id="queryBookList" resultType="Book">
        select * from book
    </select>

    <select id="queryBookByID" resultType="Book" parameterType="int">
        select * from book where bookid = #{bookid}
    </select>

    <insert id="addBook" parameterType="Book">
        insert into book(bookid,bookname,bookintro,totalscore,author,bookimgpath,publisher,ISBN) values(#{bookid},#{bookname},#{bookintro},#{totalscore},#{author},#{bookimgpath},#{publisher},#{ISBN})
    </insert>

    <update id="updateBook" parameterType="Book">
        update book set bookname=#{bookname},bookintro=#{bookintro},totalscore=#{totalscore},author=#{author},bookimgpath=#{bookimgpath},publisher=#{publisher},ISBN=#{ISBN} where bookid=#{bookid}
    </update>

    <delete id="deleteBook" parameterType="int">
        delete from book where bookid=#{bookid}
    </delete>

    <select id="cnt" resultType="int">
        select count(*) from book
    </select>

    <select id="max" resultType="int">
        select ifnull(max(bookid),0) from book;
    </select>
</mapper>