<?xml version="1.0" encoding="UTF-8" ?>
<!DOCTYPE mapper
        PUBLIC "-//mybatis.org//DTD Mapper 3.0//EN"
        "http://mybatis.org/dtd/mybatis-3-mapper.dtd">
<mapper namespace="com.rm.plat.mapper.TopicMapper">
    <select id="queryTopicByName" resultType="Topic">
        select * from topic where title like "%"#{name}"%"
    </select>


    <select id="queryHotTopicList" resultType="Topic">
       select T.topicid,T.userid,T.title,T.intro,T.classify from(
            select topic.*,count(*) as cnt from topic,topiccomment where topic.topicid=topiccomment.topicid group by topic.topicid order by cnt desc limit 5) as T
    </select>

    <select id="queryNewTopicList" resultType="Topic">
        select * from topic order by topicid desc limit 5
    </select>

    <select id="queryTopicById" resultType="Topic" parameterType="int">
        select * from topic where topicid=#{topicid}
    </select>

    <select id="queryTopicByTitle" resultType="Topic" parameterType="String">
        select * from topic where title=#{title}
    </select>

    <select id="queryTopicByClassify" resultType="Topic" parameterType="String">
        select * from  topic where classify=#{classify} order by topicid desc
    </select>

    <select id="queryTopicByUser" resultType="Topic" parameterType="int">
        select * from topic where userid=#{userid} order by topicid desc
    </select>

    <select id="queryTopicList" resultType="Topic">
        select * from topic
    </select>


    <insert id="addTopic" parameterType="Topic">
        insert into topic(topicid,userid,title,intro,classify) values (#{topicid},#{userid},#{title},#{intro},#{classify})
    </insert>

    <update id="updateTopic" parameterType="Topic">
        update topic set userid=#{userid},title=#{title},intro=#{intro},classify=#{classify} where topicid=#{topicid}
    </update>

    <delete id="deleteTopic" parameterType="int">
        delete from topic where topicid=#{topicid}
    </delete>

    <select id="cnt" resultType="int">
        select count(*) from topic
    </select>

    <select id="max" resultType="int">
        select ifnull(max(topicid),0) from topic
    </select>

</mapper>