<?xml version="1.0" encoding="UTF-8" ?>
<!DOCTYPE mapper
        PUBLIC "-//mybatis.org//DTD Mapper 3.0//EN"
        "http://mybatis.org/dtd/mybatis-3-mapper.dtd">
<mapper namespace="com.rm.plat.mapper.UserMapper">
    <select id="queryUserByName" resultType="User" parameterType="String">
        select * from mybatis.user where username = #{name}
    </select>

    <select id="queryUserList" resultType="User">
        select * from mybatis.user
    </select>

    <select id="queryUserByID" resultType="User" parameterType="int">
        select * from mybatis.user where userid = #{userid}
    </select>

    <insert id="addUser" parameterType="User">
        insert into mybatis.user(userid,username,password,perms,sex,userimgpath,birthday,email,signature,securityQ,securityA) values(#{userid},#{username},#{password},#{perms},#{sex},#{userimgpath},#{birthday},#{email},#{signature},#{securityQ},#{securityA})
    </insert>

    <update id="updateUser" parameterType="User">
        update mybatis.user set username=#{username},password=#{password},perms=#{perms},sex=#{sex},userimgpath=#{userimgpath},birthday=#{birthday},email=#{email},signature=#{signature},securityQ=#{securityQ},securityA=#{securityA} where userid=#{userid}
    </update>

    <delete id="deleteUser" parameterType="int">
        delete from mybatis.user where userid=#{userid}
    </delete>

    <select id="cnt" resultType="int">
        select count (*) from mybatis.user
    </select>

    <select id="max" resultType="int">
        select ifnull(max(userid),0) from mybatis.user
    </select>
</mapper>